{
  "cards": [
    {
      "id": "d9a5",
      "title": "Card 1750828817285"
    },
    {
      "id": "68c3",
      "title": "Card 1750828823255"
    },
    {
      "id": "2137",
      "title": "Card 1750828823448"
    },
    {
      "id": "44e1",
      "title": "Card 1750828823700"
    },
    {
      "id": "8b69",
      "title": "Card 1750828823895"
    },
    {
      "id": "1862",
      "title": "Card 1750828824111"
    },
    {
      "id": "10f2",
      "title": "Card 1750837738196"
    },
    {
      "id": "9855",
      "title": "Card 1750837784787"
    },
    {
      "id": "8926",
      "title": "Card 1750837785363"
    },
    {
      "id": "ada9",
      "title": "Card 1750837786692"
    },
    {
      "id": "d3c8",
      "title": "Card 1750837786907"
    },
    {
      "id": "1ace",
      "title": "Card 1750837787291"
    },
    {
      "id": "6c25",
      "title": "Card 1750837787475"
    },
    {
      "id": "cc68",
      "title": "Card 1750837787683"
    },
    {
      "id": "90dc",
      "title": "Card 1750837787875"
    },
    {
      "id": "88ae",
      "title": "Card 1750837788067"
    },
    {
      "id": "9857",
      "title": "Card 1750837788283"
    },
    {
      "id": "754a",
      "title": "Card 1750837788523"
    }
  ]
}